Tweet,URL,Date
Bryant-Denny Stadium Bryant-Denny Stadium  @BryantDenny_UA Â· Chills.  0:00 / 0:55     Alabama Football Alabama Football Alabama Football    11 11 11 1.1K 1.1K 1.1K 4.2K 4.2K 4.2K,https://x.com/BryantDenny_UA/status/1221559767623139329,2020-01-26T22:25:18.000Z
"Bryant-Denny Stadium Bryant-Denny Stadium  @BryantDenny_UA Â·  Quote Matt Miller Matt Miller  @nfldraftscout Â· Don't get sucked in by the stats, folks. Derrick Henry is not an elite RB prospect. 7 7 7 134 134 134 778 778 778",https://x.com/BryantDenny_UA/status/1216212926085914630,2020-01-12T04:18:52.000Z
"Bryant-Denny Stadium Bryant-Denny Stadium  @BryantDenny_UA Â· When he speaks, we listen.  #StayHomeStaySafe 1:22 1:22 Alabama Football Alabama Football Alabama Football    3 3 3 105 105 105 617 617 617",https://x.com/BryantDenny_UA/status/1242588204894695426,2020-03-24T23:04:48.000Z
"Bryant-Denny Stadium Bryant-Denny Stadium  @BryantDenny_UA Â· The obsession with Alabama is getting weird. Quote RedditCFB RedditCFB  @RedditCFB Â· 8 years ago Alabama shutout LSU 21-0 in the National Championship. This time around LSU scored twice as many points at 42, and it was Alabama that was scoreless in the National Championship. 15 15 15 107 107 107 973 973 973",https://x.com/BryantDenny_UA/status/1217119843109036032,2020-01-14T16:22:38.000Z
Bryant-Denny Stadium Bryant-Denny Stadium  @BryantDenny_UA Â· Had to check the ole iPhone calendar.,https://x.com/BryantDenny_UA/status/1248273499845730312,2020-04-09T15:36:08.000Z
Bryant-Denny Stadium Bryant-Denny Stadium  @BryantDenny_UA Â· Iâm not crying. YOUâRE CRYING.  0:07 0:07 19 19 19 505 505 505 2.8K 2.8K 2.8K 79K 79K 79K,https://x.com/BryantDenny_UA/status/1651758320397451272,2023-04-28T01:20:46.000Z
Bryant-Denny Stadium Bryant-Denny Stadium  @BryantDenny_UA Â· @djdale94 Time for another belt! GIF   1 1 1 40 40 40,https://x.com/BryantDenny_UA/status/1482076016231206913,2022-01-14T19:43:52.000Z
Bryant-Denny Stadium Bryant-Denny Stadium  @BryantDenny_UA Â· @AlabamaFTBL GIF   2 2 2 30 30 30,https://x.com/BryantDenny_UA/status/1599556957261934592,2022-12-05T00:11:11.000Z
Bryant-Denny Stadium Bryant-Denny Stadium  @BryantDenny_UA Â· 139 days until Alabama Football. 0:26 0:26 Alabama Football Alabama Football Alabama Football    6 6 6 446 446 446 1.1K 1.1K 1.1K,https://x.com/BryantDenny_UA/status/1117385866572443650,2019-04-14T11:15:25.000Z
Bryant-Denny Stadium Bryant-Denny Stadium  @BryantDenny_UA Â· @CFBTalkDaily and and @Hayesfawcett3 What a casual.       28 28 28,https://x.com/BryantDenny_UA/status/1743738575072489557,2024-01-06T20:57:28.000Z
"Bryant-Denny Stadium Bryant-Denny Stadium  @BryantDenny_UA Â· @BSBoze Bulking up for Bryce, eh?     1 1 1 180 180 180",https://x.com/BryantDenny_UA/status/1651965291637665794,2023-04-28T15:03:12.000Z
Bryant-Denny Stadium Bryant-Denny Stadium  @BryantDenny_UA Â· So glad Derrick could make a young fans night after the game. Quote Leonard Fournette Leonard Fournette  @_fournette Â· My brother 4 life  10 10 10 144 144 144 1.3K 1.3K 1.3K,https://x.com/BryantDenny_UA/status/1199025312270635008,2019-11-25T18:01:25.000Z
"Bryant-Denny Stadium Bryant-Denny Stadium  @BryantDenny_UA Â· Alexa, play âThe Boys Are Back in Townâ by Thin Lizzy. GoatHouseBama GoatHouseBama GoatHouseBama    6 6 6 78 78 78 736 736 736",https://x.com/BryantDenny_UA/status/1502482671355768836,2022-03-12T03:12:38.000Z
Bryant-Denny Stadium Bryant-Denny Stadium  @BryantDenny_UA Â· Thank you. 4 4 4 854 854 854 3.8K 3.8K 3.8K,https://x.com/BryantDenny_UA/status/1214233017289527296,2020-01-06T17:11:25.000Z
Bryant-Denny Stadium Bryant-Denny Stadium  @BryantDenny_UA Â· BUILD THE ARENA AND PUT A NATE OATS STATUE UP RIGHT IN FRONT  @GREG_BYRNE 7 7 7 51 51 51 866 866 866 13K 13K 13K,https://x.com/BryantDenny_UA/status/1773562429412139063,2024-03-29T04:06:49.000Z
"Bryant-Denny Stadium Bryant-Denny Stadium  @BryantDenny_UA Â· How it started:           How itâs going: Quote Adam Schefter Adam Schefter  @AdamSchefter Â· Former 49ersâ defensive coordinator DeMeco Ryans and the Houston Texans reached agreement today on a six-year deal, per sources. Texans have their new head coach. 5 5 5 112 112 112 1.4K 1.4K 1.4K 113K 113K 113K",https://x.com/BryantDenny_UA/status/1620535507469094912,2023-01-31T21:32:27.000Z
"Bryant-Denny Stadium Bryant-Denny Stadium  @BryantDenny_UA Â· Iâm not crying, youâre crying. Alabama Football Alabama Football Alabama Football    14 14 14 585 585 585 1.9K 1.9K 1.9K",https://x.com/BryantDenny_UA/status/1086037831653515277,2019-01-17T23:09:31.000Z
Bryant-Denny Stadium Bryant-Denny Stadium  @BryantDenny_UA Â· @UA_Athletics and and @AlabamaFTBL 1 1 1 1 1 1 24 24 24,https://x.com/BryantDenny_UA/status/1507080896024924164,2022-03-24T19:44:20.000Z
Bryant-Denny Stadium Bryant-Denny Stadium  @BryantDenny_UA Â· Whatâs their final record? 40 40 40 107 107 107 637 637 637 88K 88K 88K,https://x.com/BryantDenny_UA/status/1686811310858682368,2023-08-02T18:48:50.000Z
"Bryant-Denny Stadium Bryant-Denny Stadium  @BryantDenny_UA Â· âHow do you do, fellow kids?â 1 1 1 81 81 81 657 657 657",https://x.com/BryantDenny_UA/status/1212509701633708032,2020-01-01T23:03:34.000Z
Bryant-Denny Stadium Bryant-Denny Stadium  @BryantDenny_UA Â· Nothing says freedom like fireworks and Dixieland Delight. Will I Am 2 Will I Am 2 Will I Am 2    3 3 3 386 386 386 1.4K 1.4K 1.4K,https://x.com/BryantDenny_UA/status/1146589919655145472,2019-07-04T01:21:54.000Z
Bryant-Denny Stadium Bryant-Denny Stadium  @BryantDenny_UA Â· @DeVontaSmith_6 GIF     9 9 9,https://x.com/BryantDenny_UA/status/1507382448677654536,2022-03-25T15:42:36.000Z
"Bryant-Denny Stadium Bryant-Denny Stadium  @BryantDenny_UA Â· @ClintRLamb @AndrewJBone and 3 others Youâre getting muted, Clint. 1 1 1   2 2 2 727 727 727",https://x.com/BryantDenny_UA/status/1651741218634694658,2023-04-28T00:12:49.000Z
Bryant-Denny Stadium Bryant-Denny Stadium  @BryantDenny_UA Â· GIF   1 1 1 22 22 22 3.3K 3.3K 3.3K,https://x.com/BryantDenny_UA/status/1741996689483772308,2024-01-02T01:35:50.000Z
Bryant-Denny Stadium Bryant-Denny Stadium  @BryantDenny_UA Â· Eight Weeks.  0:03 / 2:00        Connor Hayes Connor Hayes Connor Hayes    7 7 7 53 53 53 258 258 258 15K 15K 15K,https://x.com/BryantDenny_UA/status/1809587104076149039,2024-07-06T13:56:00.000Z
"Bryant-Denny Stadium Bryant-Denny Stadium  @BryantDenny_UA Â· One time for the Auburn faithful.

Thoughts and prayers to the Bramblett Family and those impacted by tonightâs tragedy. 0:20 0:20 29 29 29 331 331 331 1.3K 1.3K 1.3K",https://x.com/BryantDenny_UA/status/1132514787378782209,2019-05-26T05:12:21.000Z
Bryant-Denny Stadium Bryant-Denny Stadium  @BryantDenny_UA Â· @AlabamaFTBL The    1 1 1 13 13 13 1K 1K 1K,https://x.com/BryantDenny_UA/status/1681675325858521089,2023-07-19T14:40:16.000Z
"Bryant-Denny Stadium Bryant-Denny Stadium  @BryantDenny_UA Â· Happy birthday, Coach! Justin King Justin King Justin King    9 9 9 410 410 410 1.7K 1.7K 1.7K",https://x.com/BryantDenny_UA/status/1189900449589137408,2019-10-31T13:42:29.000Z
Bryant-Denny Stadium Bryant-Denny Stadium  @BryantDenny_UA Â· Game of the Year means that GameDay is coming to town. College GameDay College GameDay College GameDay    5 5 5 138 138 138 801 801 801,https://x.com/BryantDenny_UA/status/1190727063755464704,2019-11-02T20:27:09.000Z
Bryant-Denny Stadium Bryant-Denny Stadium  @BryantDenny_UA Â· They say itâs lonely at the top.  https:// /Isaiah2031/status/1123373338854862848 â¦ This post is unavailable. 8 8 8 399 399 399 2.6K 2.6K 2.6K,https://x.com/BryantDenny_UA/status/1123429484852543488,2019-05-01T03:30:36.000Z
"Bryant-Denny Stadium Bryant-Denny Stadium  @BryantDenny_UA Â· @Hayesfawcett3 @On3Recruits and 9 others Hayes, this cold front is INSANE   #coldsummer 1 1 1 3 3 3 43 43 43 2.5K 2.5K 2.5K",https://x.com/BryantDenny_UA/status/1808548775591305692,2024-07-03T17:10:03.000Z
Bryant-Denny Stadium Bryant-Denny Stadium  @BryantDenny_UA Â· Q âblessedâ and âthankedâ himself after sneezing last night.  chris oneil chris oneil chris oneil    29 29 29 967 967 967 3.7K 3.7K 3.7K,https://x.com/BryantDenny_UA/status/1121774326016106497,2019-04-26T13:53:35.000Z
Bryant-Denny Stadium Bryant-Denny Stadium  @BryantDenny_UA Â· Name your Top Five. îDerrick Henry î½î and 2 others îDerrick Henry î½î îDerrick Henry î½î 41 41 41 28 28 28 284 284 284 56K 56K 56K,https://x.com/BryantDenny_UA/status/1654928444977819648,2023-05-06T19:17:43.000Z
Bryant-Denny Stadium Bryant-Denny Stadium  @BryantDenny_UA Â· @AlabamaFTBL Jalen Milroe Jalen Milroe   4 4 4 94 94 94 9.1K 9.1K 9.1K,https://x.com/BryantDenny_UA/status/1688248725192257536,2023-08-06T18:00:36.000Z
Bryant-Denny Stadium Bryant-Denny Stadium  @BryantDenny_UA Â· Pit stop in the press box before I go out and sweat to death lolol 4 4 4 1 1 1 74 74 74,https://x.com/BryantDenny_UA/status/1172937681703227393,2019-09-14T18:18:30.000Z
"Bryant-Denny Stadium Bryant-Denny Stadium  @BryantDenny_UA Â· It was always destiny.  Congrats on retirement,  @DHx34 ! CampusLore CampusLore CampusLore      52 52 52 673 673 673 16K 16K 16K",https://x.com/BryantDenny_UA/status/1772421201542934829,2024-03-26T00:31:59.000Z
Bryant-Denny Stadium Bryant-Denny Stadium  @BryantDenny_UA Â· Wrapping up the takeover down here. 1 1 1 1 1 1 40 40 40,https://x.com/BryantDenny_UA/status/1173007961188380672,2019-09-14T22:57:46.000Z
Bryant-Denny Stadium Bryant-Denny Stadium  @BryantDenny_UA Â· @UA_Athletics 1 1 1 6 6 6 45 45 45 1.7K 1.7K 1.7K,https://x.com/BryantDenny_UA/status/1681338523872378882,2023-07-18T16:21:56.000Z
Bryant-Denny Stadium Bryant-Denny Stadium  @BryantDenny_UA Â· âThere will be bigger games down the road for us.â - Ed Orgeron Alabama Football Alabama Football Alabama Football    14 14 14 209 209 209 810 810 810,https://x.com/BryantDenny_UA/status/1192923726767104000,2019-11-08T21:55:54.000Z
Bryant-Denny Stadium Bryant-Denny Stadium  @BryantDenny_UA Â· Donât call it a comeback. 15 15 15 166 166 166 1.6K 1.6K 1.6K,https://x.com/BryantDenny_UA/status/1194013462592139265,2019-11-11T22:06:07.000Z
Bryant-Denny Stadium Bryant-Denny Stadium  @BryantDenny_UA Â· @UA_Athletics and and @AlabamaFTBL Bryant-Denny Stadium Bryant-Denny Stadium Bryant-Denny Stadium      7 7 7 76 76 76 2.5K 2.5K 2.5K,https://x.com/BryantDenny_UA/status/1651749129846939649,2023-04-28T00:44:15.000Z
Bryant-Denny Stadium Bryant-Denny Stadium  @BryantDenny_UA Â· 150 days until Alabama Football. This media has been disabled in response to a report by the copyright owner. Alabama Football Alabama Football Alabama Football    5 5 5 265 265 265 822 822 822,https://x.com/BryantDenny_UA/status/1113422888730877958,2019-04-03T12:47:57.000Z
Bryant-Denny Stadium Bryant-Denny Stadium  @BryantDenny_UA Â· GIF 1 1 1   13 13 13 3.4K 3.4K 3.4K,https://x.com/BryantDenny_UA/status/1741991893053919543,2024-01-02T01:16:46.000Z
Bryant-Denny Stadium Bryant-Denny Stadium  @BryantDenny_UA Â· @JordanMBattle Mood: GIF 2 2 2 17 17 17 221 221 221,https://x.com/BryantDenny_UA/status/1482149503633346568,2022-01-15T00:35:53.000Z
Bryant-Denny Stadium Bryant-Denny Stadium  @BryantDenny_UA Â· @OU_Football @AlabamaFTBL and and @JalenHurts GIF   4 4 4 92 92 92 4.9K 4.9K 4.9K,https://x.com/BryantDenny_UA/status/1624547039768969219,2023-02-11T23:12:51.000Z
Bryant-Denny Stadium Bryant-Denny Stadium  @BryantDenny_UA Â· Ready for Alabama Football Saturdayâs. HypeHub Sports HypeHub Sports HypeHub Sports    2 2 2 140 140 140 811 811 811,https://x.com/BryantDenny_UA/status/1142911862721433602,2019-06-23T21:46:37.000Z
Bryant-Denny Stadium Bryant-Denny Stadium  @BryantDenny_UA Â· No problem. Quote Bama Fan Bama Fan  @Bama5517 Â· @BryantDenny_UA @BryantDenny_UA and @vsunseri3 @vsunseri3 We lost this game. Thanks for reminding me about it. 1 1 1 1 1 1 45 45 45,https://x.com/BryantDenny_UA/status/1181619756253753345,2019-10-08T17:17:57.000Z
Bryant-Denny Stadium Bryant-Denny Stadium  @BryantDenny_UA Â· DONâT SPEAK TO ME IF YOUR SCHOOL CANâT MAKE A FINAL FOUR AND THE CFB PLAYOFF 5 5 5 235 235 235 1.6K 1.6K 1.6K 28K 28K 28K,https://x.com/BryantDenny_UA/status/1774273058586366382,2024-03-31T03:10:36.000Z
Bryant-Denny Stadium Bryant-Denny Stadium  @BryantDenny_UA Â· @_slade_10 GIF   1 1 1 95 95 95,https://x.com/BryantDenny_UA/status/1482051969007161347,2022-01-14T18:08:19.000Z
Bryant-Denny Stadium Bryant-Denny Stadium  @BryantDenny_UA Â· @JayArmourDavis   GIF     31 31 31,https://x.com/BryantDenny_UA/status/1482448847838269441,2022-01-15T20:25:22.000Z
Bryant-Denny Stadium Bryant-Denny Stadium  @BryantDenny_UA Â· Alabama Football starts today. 19 19 19 137 137 137 1.2K 1.2K 1.2K,https://x.com/BryantDenny_UA/status/1502244871301705729,2022-03-11T11:27:42.000Z
"Bryant-Denny Stadium Bryant-Denny Stadium  @BryantDenny_UA Â· @Hayesfawcett3 @Dijon_leeJr and 8 others Hayes, why has KDB been able to haul in the guys from Alabama? This class is so disappointing, because of that. 1 1 1   4 4 4 1.2K 1.2K 1.2K",https://x.com/BryantDenny_UA/status/1808555470665167213,2024-07-03T17:36:40.000Z
Bryant-Denny Stadium Bryant-Denny Stadium  @BryantDenny_UA Â· @ENeal73 OT1. GIF   1 1 1 24 24 24,https://x.com/BryantDenny_UA/status/1481674693493018628,2022-01-13T17:09:09.000Z
Bryant-Denny Stadium Bryant-Denny Stadium  @BryantDenny_UA Â· How can someone not like  @QuinnenWilliams ? troy eisner troy eisner troy eisner    9 9 9 196 196 196 1.6K 1.6K 1.6K,https://x.com/BryantDenny_UA/status/1137459171530629121,2019-06-08T20:39:34.000Z
"Bryant-Denny Stadium Bryant-Denny Stadium  @BryantDenny_UA Â· Today, weâre all Gators. 32 32 32 608 608 608 2.9K 2.9K 2.9K",https://x.com/BryantDenny_UA/status/1180474962185981952,2019-10-05T13:28:57.000Z
Bryant-Denny Stadium Bryant-Denny Stadium  @BryantDenny_UA Â· Whoâs it going to be?  Ty Simpson and 2 others Ty Simpson Ty Simpson 32 32 32 27 27 27 220 220 220 29K 29K 29K,https://x.com/BryantDenny_UA/status/1687209434278465536,2023-08-03T21:10:50.000Z
"Bryant-Denny Stadium Bryant-Denny Stadium  @BryantDenny_UA Â· @AlabamaFTBL Oh, talk to dirty with that night home opener 2 2 2   6 6 6 1.9K 1.9K 1.9K",https://x.com/BryantDenny_UA/status/1663973938580557825,2023-05-31T18:21:16.000Z
Bryant-Denny Stadium Bryant-Denny Stadium  @BryantDenny_UA Â· @KDx32 GIF     8 8 8 1.8K 1.8K 1.8K,https://x.com/BryantDenny_UA/status/1688933360129728512,2023-08-08T15:21:06.000Z
Bryant-Denny Stadium Bryant-Denny Stadium  @BryantDenny_UA Â· Remember when  @vsunseri3  juked Johnny Manziel into next week and then flopped into the end zone like a fish out of water? 13 13 13 225 225 225 1.2K 1.2K 1.2K,https://x.com/BryantDenny_UA/status/1181219030146977792,2019-10-07T14:45:37.000Z
"Bryant-Denny Stadium Bryant-Denny Stadium  @BryantDenny_UA Â· Hey, Wolverines!
Hey, Wolverines!
Hey, Wolverines!
We just beat the hell out of you!
Rammer Jammer, Yellowhammer, give 'em hell, Alabama!   111 111 111 654 654 654",https://x.com/BryantDenny_UA/status/1212487396123697152,2020-01-01T21:34:56.000Z
Bryant-Denny Stadium Bryant-Denny Stadium  @BryantDenny_UA Â· âs  College GameDay College GameDay College GameDay    4 4 4 166 166 166 556 556 556,https://x.com/BryantDenny_UA/status/1193200594464444421,2019-11-09T16:16:04.000Z
"Bryant-Denny Stadium Bryant-Denny Stadium  @BryantDenny_UA Â· The one and onlyâ¦

Amari Cooper - 1,250 yards
DeVonta Smith - 1,066 yards
Calvin Ridley - 1,016 yards
Jaylen Waddle - 1,014 yards

Alabama is the only program to produce four 1,000+ receivers this season.  #WRU 2 2 2 111 111 111 781 781 781 28K 28K 28K",https://x.com/BryantDenny_UA/status/1744378628740153628,2024-01-08T15:20:48.000Z
"Bryant-Denny Stadium Bryant-Denny Stadium  @BryantDenny_UA Â· Will Reichard. Our Kicking Overlord. Quote Southeastern Conference Southeastern Conference  @SEC Â·  2023    2023   #SECFB #SECFB #SECFB  Special Teams Player of the Year

Will Reichard,   Special Teams Player of the Year Will Reichard,  @AlabamaFTBL @AlabamaFTBL @AlabamaFTBL         http://secsports.social/fbawards23 http:// http:// secsports.social/fbawards23 1 1 1 29 29 29 515 515 515 17K 17K 17K",https://x.com/BryantDenny_UA/status/1732500406570246151,2023-12-06T20:40:59.000Z
Bryant-Denny Stadium Bryant-Denny Stadium  @BryantDenny_UA Â· @AlabamaFTBL and and @_bryce_young Lil Wayne WEEZY F Lil Wayne WEEZY F Lil Wayne WEEZY F      9 9 9 197 197 197 12K 12K 12K,https://x.com/BryantDenny_UA/status/1651748627826589697,2023-04-28T00:42:15.000Z
"Bryant-Denny Stadium Bryant-Denny Stadium  @BryantDenny_UA Â· To those who sacrificed everything for our country, we thank you! 2 2 2 149 149 149 1K 1K 1K",https://x.com/BryantDenny_UA/status/1132987075551272960,2019-05-27T12:29:03.000Z
Bryant-Denny Stadium Bryant-Denny Stadium  @BryantDenny_UA Â· weâre outta control This media has been disabled in response to a report by the copyright owner. 35 35 35 652 652 652 1.6K 1.6K 1.6K,https://x.com/BryantDenny_UA/status/1114216157425426432,2019-04-05T17:20:07.000Z
Bryant-Denny Stadium Bryant-Denny Stadium  @BryantDenny_UA Â· @AlabamaFTBL GIF   1 1 1 14 14 14,https://x.com/BryantDenny_UA/status/1600165982978265092,2022-12-06T16:31:14.000Z
Bryant-Denny Stadium Bryant-Denny Stadium  @BryantDenny_UA Â· @LateKickJosh and and @AlabamaFTBL Oh yes  1 1 1   8 8 8 592 592 592,https://x.com/BryantDenny_UA/status/1775203357633790185,2024-04-02T16:47:16.000Z
Bryant-Denny Stadium Bryant-Denny Stadium  @BryantDenny_UA Â· GIF   11 11 11 76 76 76 4.3K 4.3K 4.3K,https://x.com/BryantDenny_UA/status/1741994025115160914,2024-01-02T01:25:14.000Z
Bryant-Denny Stadium Bryant-Denny Stadium  @BryantDenny_UA Â· Wasnât ready for this to be the first thing on the timeline. Tua. T  Tua. T  30 30 30 263 263 263 2.8K 2.8K 2.8K,https://x.com/BryantDenny_UA/status/1196185605132169219,2019-11-17T21:57:26.000Z
Bryant-Denny Stadium Bryant-Denny Stadium  @BryantDenny_UA Â· @JordanMBattle GIF     20 20 20,https://x.com/BryantDenny_UA/status/1509975594364243985,2022-04-01T19:26:50.000Z
"Bryant-Denny Stadium Bryant-Denny Stadium  @BryantDenny_UA Â· Iâve thought about this pick by  @PatMcAfeeShow , everyday this week. Pat McAfee Pat McAfee Pat McAfee    20 20 20 152 152 152 1.1K 1.1K 1.1K 39K 39K 39K",https://x.com/BryantDenny_UA/status/1733177590335103155,2023-12-08T17:31:53.000Z
Bryant-Denny Stadium Bryant-Denny Stadium  @BryantDenny_UA Â· Tua walking off the bus with that new ankle tomorrow like: 0:09 0:09 Blake Wurm Blake Wurm Blake Wurm    4 4 4 205 205 205 692 692 692,https://x.com/BryantDenny_UA/status/1192934624374202370,2019-11-08T22:39:12.000Z
Bryant-Denny Stadium Bryant-Denny Stadium  @BryantDenny_UA Â· You still crying?  @davidpollack47 Quote Alabama Athletics Alabama Athletics  @UA_Athletics Â· 0:21 LANK.  #RollTide #RollTide  |  @AlabamaFTBL @AlabamaFTBL 5 5 5 25 25 25 338 338 338 21K 21K 21K,https://x.com/BryantDenny_UA/status/1732554497128313262,2023-12-07T00:15:56.000Z
"Bryant-Denny Stadium Bryant-Denny Stadium  @BryantDenny_UA Â· @ArnoldTerrion @AlabamaFTBL and and @SSN_Alabama Letâs go, 3!!! GIF   2 2 2 28 28 28 1.6K 1.6K 1.6K",https://x.com/BryantDenny_UA/status/1744421933343490503,2024-01-08T18:12:53.000Z
"Bryant-Denny Stadium Bryant-Denny Stadium  @BryantDenny_UA Â· We love you, Big Phil!! SEC Network SEC Network SEC Network      21 21 21 292 292 292",https://x.com/BryantDenny_UA/status/1481441535979831298,2022-01-13T01:42:40.000Z
Bryant-Denny Stadium Bryant-Denny Stadium  @BryantDenny_UA Â· Alabamaâs season in one image Quote no context college football no context college football  @nocontextcfb Â· 2 2 2 69 69 69 774 774 774 48K 48K 48K,https://x.com/BryantDenny_UA/status/1741997726974255225,2024-01-02T01:39:57.000Z
Bryant-Denny Stadium Bryant-Denny Stadium  @BryantDenny_UA Â· FREDDIE KITCHENS FROM THE TOP ROPE Jonathan Pair Jonathan Pair Jonathan Pair    7 7 7 158 158 158 600 600 600,https://x.com/BryantDenny_UA/status/1122255540497920001,2019-04-27T21:45:46.000Z
Bryant-Denny Stadium Bryant-Denny Stadium  @BryantDenny_UA Â· Canât. Stop. Watching. Alabama Football Alabama Football Alabama Football    8 8 8 385 385 385 1.4K 1.4K 1.4K,https://x.com/BryantDenny_UA/status/1173583408917876737,2019-09-16T13:04:23.000Z
Bryant-Denny Stadium Bryant-Denny Stadium  @BryantDenny_UA Â· 1 1 1 102 102 102 286 286 286,https://x.com/BryantDenny_UA/status/1193272794768916480,2019-11-09T21:02:58.000Z
"Bryant-Denny Stadium Bryant-Denny Stadium  @BryantDenny_UA Â· Just remember that if you go play football somewhere else, then your school probably wonât send you a care package box. But if they do, then it wonât come close to the one that Alabama will send. 5 5 5 151 151 151 705 705 705",https://x.com/BryantDenny_UA/status/1175302693415526401,2019-09-21T06:56:12.000Z
Bryant-Denny Stadium Bryant-Denny Stadium  @BryantDenny_UA Â· GIF   6 6 6 48 48 48 3.8K 3.8K 3.8K,https://x.com/BryantDenny_UA/status/1741996264017871001,2024-01-02T01:34:08.000Z
"Bryant-Denny Stadium Bryant-Denny Stadium  @BryantDenny_UA Â· @Hayesfawcett3 and and @On3Recruits This  #coldsummer  is heating up, Hayes  GIF       632 632 632",https://x.com/BryantDenny_UA/status/1808607478357131487,2024-07-03T21:03:19.000Z
Bryant-Denny Stadium Bryant-Denny Stadium  @BryantDenny_UA Â· Tua-hundred Days. Tua. T  Tua. T  8 8 8 152 152 152 1K 1K 1K,https://x.com/BryantDenny_UA/status/1095380235120508928,2019-02-12T17:52:53.000Z
Bryant-Denny Stadium Bryant-Denny Stadium  @BryantDenny_UA Â· Look how far theyâve come  Quote Terrion Arnold Terrion Arnold  @ArnoldTerrion Â· BAMA BOYZ   @BrianBB_1 @BrianBB_1 3 3 3 56 56 56 914 914 914 30K 30K 30K,https://x.com/BryantDenny_UA/status/1809266749273264176,2024-07-05T16:43:02.000Z
Bryant-Denny Stadium Bryant-Denny Stadium  @BryantDenny_UA Â· @sterlingTDixon1 GIF     8 8 8,https://x.com/BryantDenny_UA/status/1598437970834595841,2022-12-01T22:04:44.000Z
Bryant-Denny Stadium Bryant-Denny Stadium  @BryantDenny_UA Â· Thereâs only one correct answer. Big Cat Big Cat Big Cat    Quote PFF College PFF College  @PFF_College Â· Which College stadium looks best at night? 3 3 3 19 19 19 151 151 151 14K 14K 14K,https://x.com/BryantDenny_UA/status/1681090075671552001,2023-07-17T23:54:41.000Z
Bryant-Denny Stadium Bryant-Denny Stadium  @BryantDenny_UA Â· In the beginning... 4 4 4 170 170 170 700 700 700,https://x.com/BryantDenny_UA/status/1141770257884954625,2019-06-20T18:10:17.000Z
Bryant-Denny Stadium Bryant-Denny Stadium  @BryantDenny_UA Â· Donât talk to me if your school canât make the Elite Eight and College Football Playoff. 2 2 2 154 154 154 1.1K 1.1K 1.1K 22K 22K 22K,https://x.com/BryantDenny_UA/status/1773563409633558857,2024-03-29T04:10:42.000Z
Bryant-Denny Stadium Bryant-Denny Stadium  @BryantDenny_UA Â· Rich Rodriguez when he realized Alabama was better off without him. This media has been disabled in response to a report by the copyright owner. 7 7 7 91 91 91 528 528 528,https://x.com/BryantDenny_UA/status/1178062093347704833,2019-09-28T21:41:05.000Z
"Bryant-Denny Stadium Bryant-Denny Stadium  @BryantDenny_UA Â· Happy 2-26, everyone! Bryant-Denny Stadium Bryant-Denny Stadium Bryant-Denny Stadium    14 14 14 898 898 898 2.1K 2.1K 2.1K",https://x.com/BryantDenny_UA/status/1100436130829398016,2019-02-26T16:43:13.000Z
Bryant-Denny Stadium Bryant-Denny Stadium  @BryantDenny_UA Â· @Panthers and and @_bryce_young Treat him well.     5 5 5 416 416 416,https://x.com/BryantDenny_UA/status/1651987148323667969,2023-04-28T16:30:03.000Z
Bryant-Denny Stadium Bryant-Denny Stadium  @BryantDenny_UA Â· @_slade_10 GIF   1 1 1 87 87 87,https://x.com/BryantDenny_UA/status/1509255913420599301,2022-03-30T19:47:05.000Z
"Bryant-Denny Stadium Bryant-Denny Stadium  @BryantDenny_UA Â· Itâs too early to cry, but here I am.  William Anderson jr and Bryce Young William Anderson jr William Anderson jr Bryce Young Bryce Young 10 10 10 75 75 75 1.1K 1.1K 1.1K",https://x.com/BryantDenny_UA/status/1601597213192646656,2022-12-10T15:18:26.000Z
Bryant-Denny Stadium Bryant-Denny Stadium  @BryantDenny_UA Â· @KalenDeBoer LETâS GOOOO!!! 2 2 2   61 61 61 3.2K 3.2K 3.2K,https://x.com/BryantDenny_UA/status/1773564010392146233,2024-03-29T04:13:05.000Z
Bryant-Denny Stadium Bryant-Denny Stadium  @BryantDenny_UA Â· Shoutout to the Auburn fans that have a â0:01â bumper sticker on the back of their car. 50 50 50 1K 1K 1K 3.7K 3.7K 3.7K,https://x.com/BryantDenny_UA/status/1114683833595645952,2019-04-07T00:18:30.000Z
Bryant-Denny Stadium Bryant-Denny Stadium  @BryantDenny_UA Â· Corso is a gem. College GameDay College GameDay College GameDay    6 6 6 233 233 233 970 970 970,https://x.com/BryantDenny_UA/status/1193173998097567745,2019-11-09T14:30:23.000Z
Bryant-Denny Stadium Bryant-Denny Stadium  @BryantDenny_UA Â· There nothing like a night game in Bryant-Denny. Touchdown Alabama Touchdown Alabama Touchdown Alabama    11 11 11 145 145 145 837 837 837 67K 67K 67K,https://x.com/BryantDenny_UA/status/1673710529989292036,2023-06-27T15:11:01.000Z
Bryant-Denny Stadium Bryant-Denny Stadium  @BryantDenny_UA Â· @isaiahbond_ and and @AlabamaFTBL They arenât ready.      5 5 5 333 333 333,https://x.com/BryantDenny_UA/status/1671286233496973314,2023-06-20T22:37:43.000Z
Bryant-Denny Stadium Bryant-Denny Stadium  @BryantDenny_UA Â· @HenryTootoo1 Letâs goooo!!! GIF 2 2 2 4 4 4 62 62 62,https://x.com/BryantDenny_UA/status/1482069720983650311,2022-01-14T19:18:51.000Z
Bryant-Denny Stadium Bryant-Denny Stadium  @BryantDenny_UA Â· @MookRTR @1kmookk and 10 others Weep? Weep. 1 1 1   6 6 6,https://x.com/BryantDenny_UA/status/1181279389457276929,2019-10-07T18:45:28.000Z
Bryant-Denny Stadium Bryant-Denny Stadium  @BryantDenny_UA Â· @Tua and and @Tuaamann GIF 4 4 4 15 15 15 291 291 291,https://x.com/BryantDenny_UA/status/1195908201163698177,2019-11-17T03:35:08.000Z
"Bryant-Denny Stadium Bryant-Denny Stadium  @BryantDenny_UA Â· Hey, Gamecocks!
Hey, Gamecocks!
Hey, Gamecocks!
We just beat the hell out of you!
Rammer Jammer, Yellowhammer, give 'em hell, Alabama! 1 1 1 113 113 113 536 536 536",https://x.com/BryantDenny_UA/status/1173010295897374725,2019-09-14T23:07:02.000Z
Bryant-Denny Stadium Bryant-Denny Stadium  @BryantDenny_UA Â· @UnoErra How LSU fans wanted you to go after Daniels.  0:03 / 0:10           5 5 5 326 326 326,https://x.com/BryantDenny_UA/status/1733215349892341985,2023-12-08T20:01:55.000Z
Bryant-Denny Stadium Bryant-Denny Stadium  @BryantDenny_UA Â· Shaun Alexander was the GOAT. 8 8 8 190 190 190 795 795 795,https://x.com/BryantDenny_UA/status/1139358960849477633,2019-06-14T02:28:39.000Z
Bryant-Denny Stadium Bryant-Denny Stadium  @BryantDenny_UA Â· JAMES BURNIP. OUR PUNTING OVERLOAD. 2 2 2 4 4 4 117 117 117 11K 11K 11K,https://x.com/BryantDenny_UA/status/1741994386278211765,2024-01-02T01:26:41.000Z
Bryant-Denny Stadium Bryant-Denny Stadium  @BryantDenny_UA Â· HANG IT IN THE LOUVRE 4 4 4 61 61 61 1K 1K 1K 35K 35K 35K,https://x.com/BryantDenny_UA/status/1773688205063094469,2024-03-29T12:26:36.000Z
"Bryant-Denny Stadium Bryant-Denny Stadium  @BryantDenny_UA Â· Nick Saban on The Process:

âIgnore the scoreboards,

donât worry about winning.

Just focus on doing your job,

at the highest level.

Every single play.

Wins will follow.â Show more Jaycob Ammerman Jaycob Ammerman Jaycob Ammerman    6 6 6 337 337 337 1.2K 1.2K 1.2K",https://x.com/BryantDenny_UA/status/1145859894001594368,2019-07-02T01:01:02.000Z
Bryant-Denny Stadium Bryant-Denny Stadium  @BryantDenny_UA Â· @Hunchezzz @TiaCarter_,https://x.com/BryantDenny_UA/status/1138262454780211205,2019-06-11T01:51:31.000Z
Bryant-Denny Stadium Bryant-Denny Stadium  @BryantDenny_UA Â· @kayvont Explain yourself. The media could not be played. 6 6 6 23 23 23 142 142 142,https://x.com/BryantDenny_UA/status/1481714979581710341,2022-01-13T19:49:14.000Z
Bryant-Denny Stadium Bryant-Denny Stadium  @BryantDenny_UA Â· @AlabamaMBB 1 1 1 6 6 6 104 104 104 4.5K 4.5K 4.5K,https://x.com/BryantDenny_UA/status/1773562825077580082,2024-03-29T04:08:23.000Z
Bryant-Denny Stadium Bryant-Denny Stadium  @BryantDenny_UA Â· Take a moment from your day to give a listen.  https:// /JamesALight/status/1088827182183600129/video/1 â¦ 41 41 41 1.5K 1.5K 1.5K 4.2K 4.2K 4.2K,https://x.com/BryantDenny_UA/status/1089165027821654016,2019-01-26T14:15:52.000Z
"Bryant-Denny Stadium Bryant-Denny Stadium  @BryantDenny_UA Â· 13 Seasons.

A record of 157-23 (87%).

Ranked number one at some point during the season, since 2008.

87 Players Drafted (29 First-Rounders)

57 All-Americans.

5 national titles.

6 SEC Championships.

2 Heisman Trophy winners.

Weâre not finished... YET! Show more   226 226 226 900 900 900",https://x.com/BryantDenny_UA/status/1213126023698636801,2020-01-03T15:52:37.000Z
Bryant-Denny Stadium Bryant-Denny Stadium  @BryantDenny_UA Â· That was a great Q&A yâall! Thanks for all your questions. Iâll check back in when we arrive at the stadium! Hope some of our fans made the trip out here! See yâall soon! @KristenSabanS 1 1 1   25 25 25,https://x.com/BryantDenny_UA/status/1172916910478020608,2019-09-14T16:55:57.000Z
"Bryant-Denny Stadium Bryant-Denny Stadium  @BryantDenny_UA Â· Ugh, my heart. Quote Jalen Hurts Jalen Hurts  @JalenHurts Â· Ya Feel Me?  #UNTAMED #UNTAMED   #RAREBREED #RAREBREED 13 13 13 244 244 244 1.7K 1.7K 1.7K",https://x.com/BryantDenny_UA/status/1103099145642926080,2019-03-06T01:05:05.000Z
"Bryant-Denny Stadium Bryant-Denny Stadium  @BryantDenny_UA Â· Happy Presidentâs Day, to those who celebrate. 3 3 3 191 191 191 1.3K 1.3K 1.3K",https://x.com/BryantDenny_UA/status/1495774727952117764,2022-02-21T14:57:39.000Z
"Bryant-Denny Stadium Bryant-Denny Stadium  @BryantDenny_UA Â· âAlexa, define stressed.â 10 10 10 150 150 150 875 875 875",https://x.com/BryantDenny_UA/status/1144442405858488320,2019-06-28T03:08:26.000Z
Bryant-Denny Stadium Bryant-Denny Stadium  @BryantDenny_UA Â· 1 1 1 155 155 155 910 910 910,https://x.com/BryantDenny_UA/status/1201316990406803456,2019-12-02T01:47:44.000Z
"Bryant-Denny Stadium Bryant-Denny Stadium  @BryantDenny_UA Â· Itâs really something when a team wins the SEC Championship for the first time in eight years, and the first thing to think of is Alabama. Quote Glenn Guilbeau Glenn Guilbeau  @SportBeatTweet Â· LSU can put its feet up, and wait and see what's next. Tigers are in the clubhouse with a 13-0 scorecard, and Bama might as well be in the outhouse.
Column: http://bit.ly/2PqoNgm http:// 9 9 9 116 116 116 903 903 903",https://x.com/BryantDenny_UA/status/1203699494149337089,2019-12-08T15:34:57.000Z
Bryant-Denny Stadium Bryant-Denny Stadium  @BryantDenny_UA Â· @AlabamaFTBL This one hurts. 2 2 2   44 44 44 3.3K 3.3K 3.3K,https://x.com/BryantDenny_UA/status/1809644609393524985,2024-07-06T17:44:31.000Z
Bryant-Denny Stadium Bryant-Denny Stadium  @BryantDenny_UA Â· We tried to warn yâall. Touchdown Alabama Touchdown Alabama Touchdown Alabama    Quote Las Vegas Raiders Las Vegas Raiders  @Raiders Â· Who else would it be?! @iAM_JoshJacobs @iAM_JoshJacobs  is named your FedEx Ground Player of the Year! 7 7 7 62 62 62 980 980 980 79K 79K 79K,https://x.com/BryantDenny_UA/status/1623884582612238336,2023-02-10T03:20:29.000Z
Bryant-Denny Stadium Bryant-Denny Stadium  @BryantDenny_UA Â· My heart...  0:06 0:06 SportsCenter SportsCenter SportsCenter    6 6 6 202 202 202 2K 2K 2K,https://x.com/BryantDenny_UA/status/1198291850907529221,2019-11-23T17:26:55.000Z
"Bryant-Denny Stadium Bryant-Denny Stadium  @BryantDenny_UA Â· Explain,  @SECOfficiating . Quote Major Tennison Major Tennison  @major_tennison Â· Thanks 13 13 13 146 146 146 953 953 953",https://x.com/BryantDenny_UA/status/1173028602100817920,2019-09-15T00:19:47.000Z
"Bryant-Denny Stadium Bryant-Denny Stadium  @BryantDenny_UA Â· Alabama is ranked 13th, not in the playoff, and still the most talked about team in all of football. 16 16 16 352 352 352 2.2K 2.2K 2.2K",https://x.com/BryantDenny_UA/status/1203867623953444864,2019-12-09T02:43:02.000Z
Bryant-Denny Stadium Bryant-Denny Stadium  @BryantDenny_UA Â· THEY GROW UP SO FAST  Bryce Young and William Anderson jr Bryce Young Bryce Young William Anderson jr William Anderson jr   24 24 24 157 157 157 4.9K 4.9K 4.9K,https://x.com/BryantDenny_UA/status/1651730983371042819,2023-04-27T23:32:08.000Z
Bryant-Denny Stadium Bryant-Denny Stadium  @BryantDenny_UA Â· Dancing Saban is back. Good luck everyone else.  https:// /aka_pmoe/status/1203521574181261312/video/1 â¦ 12 12 12 363 363 363 1.8K 1.8K 1.8K,https://x.com/BryantDenny_UA/status/1203678634139115520,2019-12-08T14:12:04.000Z
Bryant-Denny Stadium Bryant-Denny Stadium  @BryantDenny_UA Â· The revenge tour starts now. GoatHouseBama GoatHouseBama GoatHouseBama    7 7 7 101 101 101 779 779 779,https://x.com/BryantDenny_UA/status/1506275017683832832,2022-03-22T14:22:04.000Z
Bryant-Denny Stadium Bryant-Denny Stadium  @BryantDenny_UA Â· @AlabamaFTBL @TreyDeuce32RTR and 13 others Thatâs a lot of busts. 1 1 1   28 28 28 5.9K 5.9K 5.9K,https://x.com/BryantDenny_UA/status/1620859711414468608,2023-02-01T19:00:43.000Z
"Bryant-Denny Stadium Bryant-Denny Stadium  @BryantDenny_UA Â· Rest In Peace, Walt! ESPN ESPN ESPN    3 3 3 273 273 273 965 965 965",https://x.com/BryantDenny_UA/status/1137030712203325441,2019-06-07T16:17:01.000Z
Bryant-Denny Stadium Bryant-Denny Stadium  @BryantDenny_UA Â· The greatest Easter egg finder of all-time. 4 4 4 313 313 313 1.3K 1.3K 1.3K,https://x.com/BryantDenny_UA/status/1119966357498531840,2019-04-21T14:09:22.000Z
Bryant-Denny Stadium Bryant-Denny Stadium  @BryantDenny_UA Â· @AlabamaFTBL Lake Day has come and gone. Itâs time for Alabama Football! 1 1 1   17 17 17 1.1K 1.1K 1.1K,https://x.com/BryantDenny_UA/status/1686826574660730880,2023-08-02T19:49:29.000Z
Bryant-Denny Stadium Bryant-Denny Stadium  @BryantDenny_UA Â· @ToriGlover Robert Foster hands down.     7 7 7,https://x.com/BryantDenny_UA/status/1172886021933031424,2019-09-14T14:53:13.000Z
Bryant-Denny Stadium Bryant-Denny Stadium  @BryantDenny_UA Â· https:// /NicoleAuerbach/status/1082487723624140800 â¦ GIF This post is unavailable.   13 13 13 102 102 102,https://x.com/BryantDenny_UA/status/1348844075500392448,2021-01-12T04:07:42.000Z
"Bryant-Denny Stadium Bryant-Denny Stadium  @BryantDenny_UA Â· Roll Tide always,  @JalenHurts ! 2 2 2 210 210 210 1.4K 1.4K 1.4K",https://x.com/BryantDenny_UA/status/1085607910586179585,2019-01-16T18:41:10.000Z
"Bryant-Denny Stadium Bryant-Denny Stadium  @BryantDenny_UA Â· @dd196408 My mother is a SAINT. She truly is as wonderful as you see her on tv, interviews, etc. I strive to be like her. Sheâs absolutely amazing and so loving. 2 2 2 1 1 1 45 45 45",https://x.com/BryantDenny_UA/status/1172853166158860289,2019-09-14T12:42:40.000Z
Bryant-Denny Stadium Bryant-Denny Stadium  @BryantDenny_UA Â· Legend. 0:01 0:01 3 3 3 356 356 356 1.8K 1.8K 1.8K,https://x.com/BryantDenny_UA/status/1085707900775886848,2019-01-17T01:18:29.000Z
Bryant-Denny Stadium Bryant-Denny Stadium  @BryantDenny_UA Â· @AlabamaFTBL   2 2 2 94 94 94,https://x.com/BryantDenny_UA/status/1351340872433082369,2021-01-19T01:29:05.000Z
Bryant-Denny Stadium Bryant-Denny Stadium  @BryantDenny_UA Â· How it started:           How itâs going: DeMeco Ryans DeMeco Ryans 5 5 5 58 58 58 933 933 933,https://x.com/BryantDenny_UA/status/1351364414851702786,2021-01-19T03:02:38.000Z
Bryant-Denny Stadium Bryant-Denny Stadium  @BryantDenny_UA Â· @MacJones_10 QB1.   1 1 1 31 31 31,https://x.com/BryantDenny_UA/status/1355303211331104773,2021-01-29T23:54:00.000Z
"Bryant-Denny Stadium Bryant-Denny Stadium  @BryantDenny_UA Â· Four years ago, today, Eli Gold and 2nd & 26 is still a thing of legends. SEC Network SEC Network SEC Network    11 11 11 152 152 152 670 670 670",https://x.com/BryantDenny_UA/status/1479863599531278339,2022-01-08T17:12:31.000Z
Bryant-Denny Stadium Bryant-Denny Stadium  @BryantDenny_UA Â· The rivalry never leaves you. 5 5 5 248 248 248 790 790 790,https://x.com/BryantDenny_UA/status/1152675919842226177,2019-07-20T20:25:29.000Z
"Bryant-Denny Stadium Bryant-Denny Stadium  @BryantDenny_UA Â· Alabama Football:  Alabama Gymnastics:  Alabama Menâs Basketball:  Alabama Softball:   

We have one question for you. 3 3 3 230 230 230 1.2K 1.2K 1.2K",https://x.com/BryantDenny_UA/status/1393737434190524416,2021-05-16T01:17:53.000Z
"Bryant-Denny Stadium Bryant-Denny Stadium  @BryantDenny_UA Â· Thank you for casting your vote as âYes, Mac Jones the greatest quarterback of all-time.â",https://x.com/BryantDenny_UA/status/1334891926139637762,2020-12-04T16:06:50.000Z
Bryant-Denny Stadium Bryant-Denny Stadium  @BryantDenny_UA Â· They definitely donât make them like they used to. SEC Network SEC Network SEC Network    4 4 4 100 100 100 603 603 603,https://x.com/BryantDenny_UA/status/1365696529525268480,2021-02-27T16:13:20.000Z
Bryant-Denny Stadium Bryant-Denny Stadium  @BryantDenny_UA Â· @_slade_10 and and @MacJones_10 0:03 0:03 ESPN ESPN ESPN      5 5 5 79 79 79,https://x.com/BryantDenny_UA/status/1354842765826338821,2021-01-28T17:24:21.000Z
Bryant-Denny Stadium Bryant-Denny Stadium  @BryantDenny_UA Â· Alabama Football returns this week. Act like it. 8 8 8 62 62 62 631 631 631,https://x.com/BryantDenny_UA/status/1554079135865212929,2022-08-01T12:18:34.000Z
Bryant-Denny Stadium Bryant-Denny Stadium  @BryantDenny_UA Â· @LSUfootball and and @Tory44Carter GIF     4 4 4,https://x.com/BryantDenny_UA/status/1335375287450800133,2020-12-06T00:07:33.000Z
Bryant-Denny Stadium Bryant-Denny Stadium  @BryantDenny_UA Â· When all of college football wishes you a Happy Fatherâs Day. ESPN ESPN ESPN    2 2 2 81 81 81 808 808 808,https://x.com/BryantDenny_UA/status/1406683873426264068,2021-06-20T18:42:25.000Z
Bryant-Denny Stadium Bryant-Denny Stadium  @BryantDenny_UA Â· This isnât the first time thereâs been a gas crisis. NBC Sports NBC Sports NBC Sports    12 12 12 299 299 299 1.9K 1.9K 1.9K,https://x.com/BryantDenny_UA/status/1392100721475063811,2021-05-11T12:54:10.000Z
Bryant-Denny Stadium Bryant-Denny Stadium  @BryantDenny_UA Â· Coach looks like heâs out to make a morning run to Jackâs with the boys. 31 31 31 201 201 201 1.9K 1.9K 1.9K,https://x.com/BryantDenny_UA/status/1479617650955280391,2022-01-08T00:55:12.000Z
Bryant-Denny Stadium Bryant-Denny Stadium  @BryantDenny_UA Â· X man!!!! Heâs gonna be a problem all year   5 5 5 41 41 41,https://x.com/BryantDenny_UA/status/1167892003213889537,2019-08-31T20:08:46.000Z
Bryant-Denny Stadium Bryant-Denny Stadium  @BryantDenny_UA Â· Just So You Know: Every Alabama Football recruiting class in the Nick Saban Era has won a national championship.  0:03 / 1:00       Alabama Athletics Alabama Athletics Alabama Athletics    11 11 11 529 529 529 2.3K 2.3K 2.3K,https://x.com/BryantDenny_UA/status/1379488015467347969,2021-04-06T17:35:47.000Z
Bryant-Denny Stadium Bryant-Denny Stadium  @BryantDenny_UA Â· Time to separate the boys from the men. Justin Felder Justin Felder Justin Felder    19 19 19 383 383 383 1.7K 1.7K 1.7K,https://x.com/BryantDenny_UA/status/1159406852356169729,2019-08-08T10:11:48.000Z
"Bryant-Denny Stadium Bryant-Denny Stadium  @BryantDenny_UA Â· ""When the best players on your team are the best people on your team, you have a great opportunity to have great unity on your team.""

â Coach Saban Coach Dan Casey Coach Dan Casey Coach Dan Casey    4 4 4 220 220 220 1.7K 1.7K 1.7K",https://x.com/BryantDenny_UA/status/1389593092899147777,2021-05-04T14:49:45.000Z
Bryant-Denny Stadium Bryant-Denny Stadium  @BryantDenny_UA Â· Itâs murder on live television. 1 1 1 27 27 27 291 291 291,https://x.com/BryantDenny_UA/status/1335401790058147842,2020-12-06T01:52:51.000Z
Bryant-Denny Stadium Bryant-Denny Stadium  @BryantDenny_UA Â· @hunterrosborne   5 5 5 40 40 40,https://x.com/BryantDenny_UA/status/1554258476729356289,2022-08-02T00:11:12.000Z
"Bryant-Denny Stadium Bryant-Denny Stadium  @BryantDenny_UA Â· @KathleenStoneb2 Thank you for casting your vote as âYes, Mac Jones the greatest quarterback of all-time.â",https://x.com/BryantDenny_UA/status/1334891832300494850,2020-12-04T16:06:28.000Z
Bryant-Denny Stadium Bryant-Denny Stadium  @BryantDenny_UA Â· @BillieKennedy Probably rocky block 1 1 1   4 4 4,https://x.com/BryantDenny_UA/status/1172916396436721665,2019-09-14T16:53:55.000Z
Bryant-Denny Stadium Bryant-Denny Stadium  @BryantDenny_UA Â· @Charris_36 Time to shine. GIF     27 27 27,https://x.com/BryantDenny_UA/status/1353885277798936583,2021-01-26T01:59:38.000Z
Bryant-Denny Stadium Bryant-Denny Stadium  @BryantDenny_UA Â· I would risk everything for Coach Saban. 8 8 8 81 81 81 625 625 625,https://x.com/BryantDenny_UA/status/1292908868641619970,2020-08-10T19:41:10.000Z
"Bryant-Denny Stadium Bryant-Denny Stadium  @BryantDenny_UA Â· @AlabamaSB Congratulations,  @UACoachMurphy !     10 10 10",https://x.com/BryantDenny_UA/status/1361159342054072320,2021-02-15T03:44:10.000Z
Bryant-Denny Stadium Bryant-Denny Stadium  @BryantDenny_UA Â· @UGAfootballLive GIF   3 3 3 67 67 67,https://x.com/BryantDenny_UA/status/1468636895244877825,2021-12-08T17:41:36.000Z
"Bryant-Denny Stadium Bryant-Denny Stadium  @BryantDenny_UA Â· @ScreamingHemi Thank you for casting your vote as âYes, Mac Jones the greatest quarterback of all-time.â 1 1 1   1 1 1",https://x.com/BryantDenny_UA/status/1334891866970611720,2020-12-04T16:06:36.000Z
Bryant-Denny Stadium Bryant-Denny Stadium  @BryantDenny_UA Â· @AlabamaFTBL GIF   2 2 2 50 50 50,https://x.com/BryantDenny_UA/status/1355279442172645378,2021-01-29T22:19:33.000Z
Bryant-Denny Stadium Bryant-Denny Stadium  @BryantDenny_UA Â· Is the old man allowing 70? @KristenSabanS 4 4 4 6 6 6 141 141 141,https://x.com/BryantDenny_UA/status/1335402415655424003,2020-12-06T01:55:21.000Z
"Bryant-Denny Stadium Bryant-Denny Stadium  @BryantDenny_UA Â· *Alabama does or says something*

Georgia: Maybe if we do the same thing two weeks later, everyone will think itâs our idea. Quote Logan Booker Logan Booker  @LoganMBooker Â· So Sanford Stadium is lit up tonight with only its new red LED lights and itâs one of the wildest things Iâve ever seen... 14 14 14 324 324 324 1.3K 1.3K 1.3K",https://x.com/BryantDenny_UA/status/1170330438566666240,2019-09-07T13:38:14.000Z
Bryant-Denny Stadium Bryant-Denny Stadium  @BryantDenny_UA Â· Whatâs really disrespectful is that Alabama scores 45 in the first half and letâs off the gas right out of halftime. That means they know you have nothing. That means they know you are nothing. 1 1 1 56 56 56 525 525 525,https://x.com/BryantDenny_UA/status/1335448026098380801,2020-12-06T04:56:35.000Z
"Bryant-Denny Stadium Bryant-Denny Stadium  @BryantDenny_UA Â· Thank you for casting your vote as âYes, Mac Jones the greatest quarterback of all-time.â     2 2 2",https://x.com/BryantDenny_UA/status/1334511692219355139,2020-12-03T14:55:56.000Z
"Bryant-Denny Stadium Bryant-Denny Stadium  @BryantDenny_UA Â· Is Mac Jones the greatest quarterback of all-time?

yep          yes         obviously                             19 19 19 17 17 17 519 519 519",https://x.com/BryantDenny_UA/status/1334321738503630850,2020-12-03T02:21:07.000Z
Bryant-Denny Stadium Bryant-Denny Stadium  @BryantDenny_UA Â· You already know. Itâs the big one. Bryant-Denny Stadium Bryant-Denny Stadium Bryant-Denny Stadium    3 3 3 181 181 181 809 809 809,https://x.com/BryantDenny_UA/status/1348607991331893248,2021-01-11T12:29:35.000Z
Bryant-Denny Stadium Bryant-Denny Stadium  @BryantDenny_UA Â· WILL THE CURSE EVER END???? 7 7 7 26 26 26 162 162 162,https://x.com/BryantDenny_UA/status/1167890411462918144,2019-08-31T20:02:27.000Z
Bryant-Denny Stadium Bryant-Denny Stadium  @BryantDenny_UA Â· @BR_CFB When other teams use âTrust the Processâ 3 3 3   23 23 23,https://x.com/BryantDenny_UA/status/1468618020746637316,2021-12-08T16:26:36.000Z
"Bryant-Denny Stadium Bryant-Denny Stadium  @BryantDenny_UA Â· @seniorbowl We see you,  @MacJones_10 .      1 1 1",https://x.com/BryantDenny_UA/status/1364053009961902081,2021-02-23T03:22:35.000Z
Bryant-Denny Stadium Bryant-Denny Stadium  @BryantDenny_UA Â· Wish Crazy Tony could be a part of the game tonight.  0:07 / 0:35       Alex Byington Alex Byington Alex Byington    7 7 7 68 68 68 660 660 660,https://x.com/BryantDenny_UA/status/1335255453891252225,2020-12-05T16:11:22.000Z
"Bryant-Denny Stadium Bryant-Denny Stadium  @BryantDenny_UA Â· @_Installation04 and and @10AJMcCarron Thank you for casting your vote as âYes, Mac Jones the greatest quarterback of all-time.â     2 2 2",https://x.com/BryantDenny_UA/status/1334511819499646983,2020-12-03T14:56:26.000Z
Bryant-Denny Stadium Bryant-Denny Stadium  @BryantDenny_UA Â· One month until weâre back! Alabama Athletics Alabama Athletics Alabama Athletics    10 10 10 183 183 183 957 957 957,https://x.com/BryantDenny_UA/status/1554908785860378635,2022-08-03T19:15:18.000Z
"Bryant-Denny Stadium Bryant-Denny Stadium  @BryantDenny_UA Â· The entire SEC is in shambles.

Meanwhile: 2 2 2 39 39 39 874 874 874",https://x.com/BryantDenny_UA/status/1336328730851954703,2020-12-08T15:16:11.000Z
Bryant-Denny Stadium Bryant-Denny Stadium  @BryantDenny_UA Â· Itâs Friday. 1 1 1 20 20 20 115 115 115,https://x.com/BryantDenny_UA/status/1552995850523140096,2022-07-29T12:33:58.000Z
Bryant-Denny Stadium Bryant-Denny Stadium  @BryantDenny_UA Â· 0:01 0:01 Kenyan Drakeâ¢ Kenyan Drakeâ¢ Kenyan Drakeâ¢    3 3 3 99 99 99 390 390 390,https://x.com/BryantDenny_UA/status/1335419378293149696,2020-12-06T03:02:45.000Z
Bryant-Denny Stadium Bryant-Denny Stadium  @BryantDenny_UA Â· The D Line looks impressive already  3 3 3 5 5 5 30 30 30,https://x.com/BryantDenny_UA/status/1167885929081495555,2019-08-31T19:44:38.000Z
Bryant-Denny Stadium Bryant-Denny Stadium  @BryantDenny_UA Â· Your Monday Motivation. 0:57 0:57 CoachTube.com CoachTube.com CoachTube.com    7 7 7 281 281 281 731 731 731,https://x.com/BryantDenny_UA/status/1153313079222034433,2019-07-22T14:37:20.000Z
Bryant-Denny Stadium Bryant-Denny Stadium  @BryantDenny_UA Â· Big Mac Energy.   6 6 6 95 95 95,https://x.com/BryantDenny_UA/status/1335406087156195330,2020-12-06T02:09:56.000Z
"Bryant-Denny Stadium Bryant-Denny Stadium  @BryantDenny_UA Â· @TexasFootball Thank you for everything,  @CoachSark ! You will do great things and weâll be pulling for you.

Roll Tide, always! 1 1 1 1 1 1 29 29 29",https://x.com/BryantDenny_UA/status/1349063812960440322,2021-01-12T18:40:52.000Z
Bryant-Denny Stadium Bryant-Denny Stadium  @BryantDenny_UA Â· @TyLockwood7   6 6 6 40 40 40,https://x.com/BryantDenny_UA/status/1554528381357756416,2022-08-02T18:03:42.000Z
Bryant-Denny Stadium Bryant-Denny Stadium  @BryantDenny_UA Â· @BrianBB_1 Time to go to work! GIF 1 1 1 2 2 2 6 6 6,https://x.com/BryantDenny_UA/status/1360400738598473728,2021-02-13T01:29:45.000Z
Bryant-Denny Stadium Bryant-Denny Stadium  @BryantDenny_UA Â· @drumtech890 and and @LSUfootball all reaction videos all reaction videos all reaction videos    1 1 1 1 1 1 14 14 14,https://x.com/BryantDenny_UA/status/1335444709175648257,2020-12-06T04:43:24.000Z
"Bryant-Denny Stadium Bryant-Denny Stadium  @BryantDenny_UA Â· DeVonta Smith has to be proud of his son. Quote 247Sports 247Sports  @247Sports Â· LSU DB Derek Stingley Jr. declares for 2022 NFL Draft, pens farewell to Tigers:  https://247sports.com/Article/LSU-cornerback-Derek-Stingley-declares-for-2022-NFL-Draft-pens-farewell-to-Tigers--179975450/â¦ https:// rnerback-Derek-Stingley-declares-for-2022-NFL-Draft-pens-farewell-to-Tigers--179975450/ â¦ 10 10 10 124 124 124 1.2K 1.2K 1.2K",https://x.com/BryantDenny_UA/status/1479155829987291136,2022-01-06T18:20:05.000Z
"Bryant-Denny Stadium Bryant-Denny Stadium  @BryantDenny_UA Â· @PhinSox Thank you for casting your vote as âYes, Mac Jones the greatest quarterback of all-time.â",https://x.com/BryantDenny_UA/status/1334891706655838209,2020-12-04T16:05:58.000Z
Bryant-Denny Stadium Bryant-Denny Stadium  @BryantDenny_UA Â· Get up! Itâs FINALLY game day! The University of Alabama The University of Alabama The University of Alabama    1 1 1 199 199 199 588 588 588,https://x.com/BryantDenny_UA/status/1167791137253482496,2019-08-31T13:27:58.000Z
Bryant-Denny Stadium Bryant-Denny Stadium  @BryantDenny_UA Â· RBU!!! 1 1 1 5 5 5 40 40 40,https://x.com/BryantDenny_UA/status/1167929870719959042,2019-08-31T22:39:14.000Z
"Bryant-Denny Stadium Bryant-Denny Stadium  @BryantDenny_UA Â· Freedom . Fireworks. Alabama Football.

Happy Independence Day! 0:44 0:44 Will I Am 2 Will I Am 2 Will I Am 2    2 2 2 66 66 66 571 571 571",https://x.com/BryantDenny_UA/status/1411714504384188423,2021-07-04T15:52:20.000Z
"Bryant-Denny Stadium Bryant-Denny Stadium  @BryantDenny_UA Â· âSo, when do you plan on retiring?â

Coach Saban: 2 2 2 408 408 408 1.2K 1.2K 1.2K",https://x.com/BryantDenny_UA/status/1401942010718793728,2021-06-07T16:39:56.000Z
Bryant-Denny Stadium Bryant-Denny Stadium  @BryantDenny_UA Â· @BAMACoachG Welcome and Roll Tide! GIF   1 1 1 17 17 17,https://x.com/BryantDenny_UA/status/1355292821268418577,2021-01-29T23:12:43.000Z
"Bryant-Denny Stadium Bryant-Denny Stadium  @BryantDenny_UA Â· Hey, Buckeyes!
Hey, Buckeyes!
Hey, Buckeyes!
We just beat the hell out of you!
Rammer Jammer, Yellowhammer, give 'em hell, Alabama!   145 145 145 441 441 441",https://x.com/BryantDenny_UA/status/1348854282167185408,2021-01-12T04:48:16.000Z
Bryant-Denny Stadium Bryant-Denny Stadium  @BryantDenny_UA Â· @AlabamaFTBL Young Legends. GIF 1 1 1 10 10 10 129 129 129,https://x.com/BryantDenny_UA/status/1351204053800382467,2021-01-18T16:25:25.000Z
"Bryant-Denny Stadium Bryant-Denny Stadium  @BryantDenny_UA Â· Thereâs nothing like Tuscaloosa, but thereâs really nothing like Tuscaloosa after a national championship. Quote Ben Flanagan Ben Flanagan  @ThisBenFlanagan Â· @ThisBenFlanagan @ThisBenFlanagan A man dressed as Forrest Gump is running down University Boulevard in downtown Tuscaloosa at 11:17 pm 8 8 8 212 212 212 997 997 997",https://x.com/BryantDenny_UA/status/1348862734394400768,2021-01-12T05:21:51.000Z
Bryant-Denny Stadium Bryant-Denny Stadium  @BryantDenny_UA Â· Couldâve sworn someone told us that Alabama only produces busts. Quote FOX College Football FOX College Football  @CFBONFOX Â· These five schools have the most players in the NFL Top 100  2 2 2 20 20 20 253 253 253,https://x.com/BryantDenny_UA/status/1289334195873955840,2020-07-31T22:56:41.000Z
"Bryant-Denny Stadium Bryant-Denny Stadium  @BryantDenny_UA Â· Hey, Duke!
Hey, Duke!
Hey, Duke!
We just beat the hell out of you!
Rammer Jammer, Yellowhammer, give 'em hell, Alabama! 1 1 1 121 121 121 461 461 461",https://x.com/BryantDenny_UA/status/1167933002514489347,2019-08-31T22:51:41.000Z
Bryant-Denny Stadium Bryant-Denny Stadium  @BryantDenny_UA Â· @Its_kaspar It did hurt. It still hurts. But they always come back angry and hungry. 1 1 1   7 7 7,https://x.com/BryantDenny_UA/status/1172886118473306120,2019-09-14T14:53:36.000Z
Bryant-Denny Stadium Bryant-Denny Stadium  @BryantDenny_UA Â· @colecubelic Against better competition. 1 1 1 1 1 1 53 53 53,https://x.com/BryantDenny_UA/status/1348857541023961089,2021-01-12T05:01:12.000Z
"Bryant-Denny Stadium Bryant-Denny Stadium  @BryantDenny_UA Â· @CoachjayhGraham Roll Tide, Coach!     3 3 3",https://x.com/BryantDenny_UA/status/1356764359310118912,2021-02-03T00:40:05.000Z
Bryant-Denny Stadium Bryant-Denny Stadium  @BryantDenny_UA Â· @SECNetwork  0:03 / 0:15     blake blake blake      7 7 7 34 34 34,https://x.com/BryantDenny_UA/status/1348749343063465989,2021-01-11T21:51:16.000Z
Bryant-Denny Stadium Bryant-Denny Stadium  @BryantDenny_UA Â· @ArnoldTerrion Roll Tide! 0:00 0:00 1 1 1 3 3 3 33 33 33,https://x.com/BryantDenny_UA/status/1357078983154798594,2021-02-03T21:30:17.000Z
Bryant-Denny Stadium Bryant-Denny Stadium  @BryantDenny_UA Â· @AlabamaFTBL GIF 1 1 1 2 2 2 86 86 86,https://x.com/BryantDenny_UA/status/1353810271157026816,2021-01-25T21:01:35.000Z
"Bryant-Denny Stadium Bryant-Denny Stadium  @BryantDenny_UA Â· Donât mind us, weâre just over here crying about this, still. The media could not be played. 4 4 4 123 123 123 1K 1K 1K",https://x.com/BryantDenny_UA/status/1350864609801097217,2021-01-17T17:56:35.000Z
Bryant-Denny Stadium Bryant-Denny Stadium  @BryantDenny_UA Â· @SECNetwork and and @AlabamaFTBL GIF   1 1 1 25 25 25,https://x.com/BryantDenny_UA/status/1348658731396042754,2021-01-11T15:51:13.000Z
"Bryant-Denny Stadium Bryant-Denny Stadium  @BryantDenny_UA Â· You hate to see it. Quote Unnecessary Roughness Unnecessary Roughness  @UnnecRoughness Â· You may remember Marcel Brooks from this video telling Alabama recruits to go to LSU. 

Now heâs transferring. 7 7 7 121 121 121 744 744 744",https://x.com/BryantDenny_UA/status/1276692614016839680,2020-06-27T01:43:33.000Z
Bryant-Denny Stadium Bryant-Denny Stadium  @BryantDenny_UA Â· @richardyoung239 1 1 1 2 2 2 95 95 95,https://x.com/BryantDenny_UA/status/1553143535251193857,2022-07-29T22:20:49.000Z
Bryant-Denny Stadium Bryant-Denny Stadium  @BryantDenny_UA Â· Weâre still not OK.  SEC Network SEC Network SEC Network    6 6 6 95 95 95 1K 1K 1K,https://x.com/BryantDenny_UA/status/1361408464879308800,2021-02-15T20:14:06.000Z
Bryant-Denny Stadium Bryant-Denny Stadium  @BryantDenny_UA Â· Jalen Hurts leading the comeback in the 2018 SEC Championship will forever be legendary. @JalenHurts SEC Network SEC Network SEC Network    19 19 19 561 561 561 3.4K 3.4K 3.4K,https://x.com/BryantDenny_UA/status/1478873048031932421,2022-01-05T23:36:25.000Z
"Bryant-Denny Stadium Bryant-Denny Stadium  @BryantDenny_UA Â· When your teamâs never made it to the playoffs, you celebrate other teams achievements. Quote Nate Nate  @JNB_USA_ Â· Imagine being an auburn fan and driving all the way to SC to celebrate a victory that isnât yours 49 49 49 346 346 346 1.6K 1.6K 1.6K",https://x.com/BryantDenny_UA/status/1084547108408098816,2019-01-13T20:25:55.000Z
Bryant-Denny Stadium Bryant-Denny Stadium  @BryantDenny_UA Â· Miss Terry is the true leader of Alabama Football. SEC Network SEC Network SEC Network    9 9 9 224 224 224 1.1K 1.1K 1.1K,https://x.com/BryantDenny_UA/status/1169419573067747329,2019-09-05T01:18:47.000Z
Bryant-Denny Stadium Bryant-Denny Stadium  @BryantDenny_UA Â· INJECT THIS INTO MY VEINS. Quote Alabama Athletics Alabama Athletics  @UA_Athletics Â· Can't miss the chance to put on the uniform!  @Landon_2012 @Landon_2012  #RollTide #RollTide   #NationalChampionship #NationalChampionship 1 1 1 35 35 35 303 303 303,https://x.com/BryantDenny_UA/status/1348789226423382026,2021-01-12T00:29:45.000Z
Bryant-Denny Stadium Bryant-Denny Stadium  @BryantDenny_UA Â· JAYLEN WADDLE!! 2 2 2 9 9 9 192 192 192,https://x.com/BryantDenny_UA/status/1348802970377465856,2021-01-12T01:24:22.000Z
Bryant-Denny Stadium Bryant-Denny Stadium  @BryantDenny_UA Â· @AlabamaFTBL Mood: GIF   1 1 1 45 45 45,https://x.com/BryantDenny_UA/status/1362497740790505475,2021-02-18T20:22:30.000Z
Bryant-Denny Stadium Bryant-Denny Stadium  @BryantDenny_UA Â· This media has been disabled in response to a report by the copyright owner. TA Films TA Films TA Films    Quote GSN GSN  @GASportsNow Â· What Georgia sports moment made this happen to you? 3 3 3 183 183 183 582 582 582,https://x.com/BryantDenny_UA/status/1167115907216367616,2019-08-29T16:44:50.000Z
Bryant-Denny Stadium Bryant-Denny Stadium  @BryantDenny_UA Â· @AlabamaFTBL ESPN ESPN ESPN    1 1 1 4 4 4 72 72 72,https://x.com/BryantDenny_UA/status/1376953671871778819,2021-03-30T17:45:12.000Z
Bryant-Denny Stadium Bryant-Denny Stadium  @BryantDenny_UA Â· Landon Dickerson is a national treasure. Landon Dickerson Landon Dickerson 11 11 11 249 249 249 2.4K 2.4K 2.4K,https://x.com/BryantDenny_UA/status/1376970368741732354,2021-03-30T18:51:33.000Z
Bryant-Denny Stadium Bryant-Denny Stadium  @BryantDenny_UA Â· @JustDad1372 He loves music! Sometimes you can find him watching a DVD concert on tv standing up doing air guitar. GIF 2 2 2 2 2 2 34 34 34,https://x.com/BryantDenny_UA/status/1172851660303085570,2019-09-14T12:36:41.000Z
"Bryant-Denny Stadium Bryant-Denny Stadium  @BryantDenny_UA Â· @AlabamaFTBL Welcome,  @CoachjayhGraham ! GIF   1 1 1 53 53 53",https://x.com/BryantDenny_UA/status/1356740753947561986,2021-02-02T23:06:17.000Z
Bryant-Denny Stadium Bryant-Denny Stadium  @BryantDenny_UA Â· @MacJones_10 Thereâs no speed like the Mac Jones Speed. GIF   1 1 1 228 228 228,https://x.com/BryantDenny_UA/status/1355544931675353088,2021-01-30T15:54:31.000Z
Bryant-Denny Stadium Bryant-Denny Stadium  @BryantDenny_UA Â· @JimNagy_SB @AlabamaFTBL and and @MacJones_10 The real QB1. GIF   1 1 1 55 55 55,https://x.com/BryantDenny_UA/status/1355327189969985543,2021-01-30T01:29:17.000Z
Bryant-Denny Stadium Bryant-Denny Stadium  @BryantDenny_UA Â· The greatest ever.  https:// /bamavids3/status/1242905110478454784/video/1 â¦ 1 1 1 192 192 192 648 648 648,https://x.com/BryantDenny_UA/status/1348855487396249600,2021-01-12T04:53:03.000Z
Bryant-Denny Stadium Bryant-Denny Stadium  @BryantDenny_UA Â· @AlabamaFTBL GIF   1 1 1 32 32 32,https://x.com/BryantDenny_UA/status/1468319727911157760,2021-12-07T20:41:17.000Z
"Bryant-Denny Stadium Bryant-Denny Stadium  @BryantDenny_UA Â· âAlexa, define poetic justice.â 33 33 33 444 444 444 2.3K 2.3K 2.3K",https://x.com/BryantDenny_UA/status/1479254348362399747,2022-01-07T00:51:34.000Z
"Bryant-Denny Stadium Bryant-Denny Stadium  @BryantDenny_UA Â· @WandaJa66685199 Thank you for casting your vote as âYes, Mac Jones the greatest quarterback of all-time.â     1 1 1",https://x.com/BryantDenny_UA/status/1334511777003036676,2020-12-03T14:56:16.000Z
Bryant-Denny Stadium Bryant-Denny Stadium  @BryantDenny_UA Â· @IyellROLLTIDE I think he does enjoy it yes. Itâs a great way to connect to the fans and be up close and personal before a game! 1 1 1   4 4 4,https://x.com/BryantDenny_UA/status/1172886253186015238,2019-09-14T14:54:08.000Z
"Bryant-Denny Stadium Bryant-Denny Stadium  @BryantDenny_UA Â· @vikinghorse Thank you for casting your vote as âYes, Mac Jones the greatest quarterback of all-time.â",https://x.com/BryantDenny_UA/status/1334511588221530115,2020-12-03T14:55:31.000Z
Bryant-Denny Stadium Bryant-Denny Stadium  @BryantDenny_UA Â· 5 5 5 159 159 159 1.2K 1.2K 1.2K,https://x.com/BryantDenny_UA/status/1365832831323303939,2021-02-28T01:14:57.000Z
Bryant-Denny Stadium Bryant-Denny Stadium  @BryantDenny_UA Â· @longsnapfletch and and @seniorbowl LS1. GIF   2 2 2 26 26 26,https://x.com/BryantDenny_UA/status/1355675400878379010,2021-01-31T00:32:57.000Z
Bryant-Denny Stadium Bryant-Denny Stadium  @BryantDenny_UA Â· Itâs Friday. 0:06 0:06 4 4 4 61 61 61 301 301 301,https://x.com/BryantDenny_UA/status/1555571379088539649,2022-08-05T15:08:12.000Z
Bryant-Denny Stadium Bryant-Denny Stadium  @BryantDenny_UA Â· @AlabamaFTBL GIF     52 52 52,https://x.com/BryantDenny_UA/status/1354514345275891721,2021-01-27T19:39:20.000Z
Bryant-Denny Stadium Bryant-Denny Stadium  @BryantDenny_UA Â· @will_anderson28 Killer Mode: Activated GIF   4 4 4 14 14 14,https://x.com/BryantDenny_UA/status/1360412301975834630,2021-02-13T02:15:42.000Z
Bryant-Denny Stadium Bryant-Denny Stadium  @BryantDenny_UA Â·   60 60 60 273 273 273,https://x.com/BryantDenny_UA/status/1335421797806841859,2020-12-06T03:12:22.000Z
Bryant-Denny Stadium Bryant-Denny Stadium  @BryantDenny_UA Â· I mean itâs not even fair when we play in Atlanta    4 4 4 39 39 39,https://x.com/BryantDenny_UA/status/1167917767007207425,2019-08-31T21:51:09.000Z
Bryant-Denny Stadium Bryant-Denny Stadium  @BryantDenny_UA Â·   30 30 30 162 162 162,https://x.com/BryantDenny_UA/status/1348796992500228097,2021-01-12T01:00:37.000Z
Bryant-Denny Stadium Bryant-Denny Stadium  @BryantDenny_UA Â· @SLRBama They met when we came to Tuscaloosa. Cedric was already with the team and they hit it off that day. 1 1 1   8 8 8,https://x.com/BryantDenny_UA/status/1172851816721240069,2019-09-14T12:37:18.000Z
"Bryant-Denny Stadium Bryant-Denny Stadium  @BryantDenny_UA Â· @08jwhite Thank you for another vote for âYes, Mac Jones the greatest quarterback of all-time.â     1 1 1",https://x.com/BryantDenny_UA/status/1334630342347591681,2020-12-03T22:47:24.000Z
"Bryant-Denny Stadium Bryant-Denny Stadium  @BryantDenny_UA Â· @HerdFB Take care of him! Weâll be pulling for you,  @CoachHuff ! Alabama Football Alabama Football Alabama Football      1 1 1 28 28 28",https://x.com/BryantDenny_UA/status/1350943441295994886,2021-01-17T23:09:50.000Z
"Bryant-Denny Stadium Bryant-Denny Stadium  @BryantDenny_UA Â· Solid first half. Plenty of things to improve in the second half, overall pretty good! 1 1 1 2 2 2 39 39 39",https://x.com/BryantDenny_UA/status/1167906134725779456,2019-08-31T21:04:55.000Z
"Bryant-Denny Stadium Bryant-Denny Stadium  @BryantDenny_UA Â· Good morning Bama Fam! Get up, ITâS GAME DAY! Kristen Saban-Setas here taking over for the day. Iâm in Columbia, SC ready to ROLL. Want to start the morning off with a football Q&A? Letâs go! GIF 23 23 23 24 24 24 379 379 379",https://x.com/BryantDenny_UA/status/1172845886524837889,2019-09-14T12:13:44.000Z
Bryant-Denny Stadium Bryant-Denny Stadium  @BryantDenny_UA Â· Receivers already in mid season form. Thatâs scary lol   2 2 2 26 26 26,https://x.com/BryantDenny_UA/status/1167889662083354624,2019-08-31T19:59:28.000Z
Bryant-Denny Stadium Bryant-Denny Stadium  @BryantDenny_UA Â· Jalen knows where home is. 0:07 0:07 Overtime Overtime Overtime    1 1 1 94 94 94 902 902 902,https://x.com/BryantDenny_UA/status/1348867348170727425,2021-01-12T05:40:11.000Z
"Bryant-Denny Stadium Bryant-Denny Stadium  @BryantDenny_UA Â· @bendavis_1 Roll Tide, always! GIF     31 31 31",https://x.com/BryantDenny_UA/status/1361417219171786753,2021-02-15T20:48:53.000Z
Bryant-Denny Stadium Bryant-Denny Stadium  @BryantDenny_UA Â· @_slade_10 GIF     12 12 12,https://x.com/BryantDenny_UA/status/1361500500718403584,2021-02-16T02:19:49.000Z
Bryant-Denny Stadium Bryant-Denny Stadium  @BryantDenny_UA Â· Man I love Nick Saban. 2 2 2 205 205 205 937 937 937,https://x.com/BryantDenny_UA/status/1167922251372490753,2019-08-31T22:08:58.000Z
Bryant-Denny Stadium Bryant-Denny Stadium  @BryantDenny_UA Â· @sabanfaux GIF,https://x.com/BryantDenny_UA/status/1278091207026098179,2020-06-30T22:21:04.000Z
Bryant-Denny Stadium Bryant-Denny Stadium  @BryantDenny_UA Â· Canât wait to be back.  0:06 / 1:00        Alabama Football Alabama Football Alabama Football    5 5 5 122 122 122 596 596 596,https://x.com/BryantDenny_UA/status/1393293094179704834,2021-05-14T19:52:14.000Z
Bryant-Denny Stadium Bryant-Denny Stadium  @BryantDenny_UA Â· A year it has been. The media could not be played.   169 169 169 977 977 977,https://x.com/BryantDenny_UA/status/1349399539443183616,2021-01-13T16:54:55.000Z
Bryant-Denny Stadium Bryant-Denny Stadium  @BryantDenny_UA Â· The Tide is rolling. 1 1 1 10 10 10 57 57 57,https://x.com/BryantDenny_UA/status/1167899700667637766,2019-08-31T20:39:21.000Z
Bryant-Denny Stadium Bryant-Denny Stadium  @BryantDenny_UA Â· @AlabamaFTBL @nflnetwork and 2 others GIF 1 1 1 3 3 3 55 55 55,https://x.com/BryantDenny_UA/status/1355306651016957954,2021-01-30T00:07:40.000Z
Bryant-Denny Stadium Bryant-Denny Stadium  @BryantDenny_UA Â· Alabama Athletics Current Rankings: : #1 : #5 : #8 : #8 : #8 : #9 : #11 : #16    Show more 10 10 10 395 395 395 1.8K 1.8K 1.8K,https://x.com/BryantDenny_UA/status/1354108088438185990,2021-01-26T16:45:01.000Z
Bryant-Denny Stadium Bryant-Denny Stadium  @BryantDenny_UA Â· @OhioStateFB How far is half of a season? 2 2 2 1 1 1 20 20 20,https://x.com/BryantDenny_UA/status/1348793606673485825,2021-01-12T00:47:09.000Z
"Bryant-Denny Stadium Bryant-Denny Stadium  @BryantDenny_UA Â· @LSUfootball Roll Tide, what? 8 8 8 2 2 2 172 172 172",https://x.com/BryantDenny_UA/status/1335443976204283904,2020-12-06T04:40:29.000Z
Bryant-Denny Stadium Bryant-Denny Stadium  @BryantDenny_UA Â· @AlabamaFTBL GIF   2 2 2 72 72 72,https://x.com/BryantDenny_UA/status/1401940015572295687,2021-06-07T16:32:01.000Z
Bryant-Denny Stadium Bryant-Denny Stadium  @BryantDenny_UA Â· @AlabamaFTBL GIF 1 1 1 3 3 3 102 102 102,https://x.com/BryantDenny_UA/status/1348791736433303553,2021-01-12T00:39:43.000Z
Bryant-Denny Stadium Bryant-Denny Stadium  @BryantDenny_UA Â· I guess not. Quote Bryant-Denny Stadium Bryant-Denny Stadium  @BryantDenny_UA Â· WILL THE CURSE EVER END???? 1 1 1 10 10 10 78 78 78,https://x.com/BryantDenny_UA/status/1167927380540710912,2019-08-31T22:29:21.000Z
Bryant-Denny Stadium Bryant-Denny Stadium  @BryantDenny_UA Â· @AlabamaFTBL GIF   1 1 1 14 14 14,https://x.com/BryantDenny_UA/status/1468319590312783873,2021-12-07T20:40:45.000Z
Bryant-Denny Stadium Bryant-Denny Stadium  @BryantDenny_UA Â· DBU: DeVonta Burned Us B/R Gridiron B/R Gridiron B/R Gridiron    Quote SEC Network SEC Network  @SECNetwork Â· That tattoo tho   @JrStingley @JrStingley  |  @LSUfootball @LSUfootball 28 28 28 242 242 242 1.4K 1.4K 1.4K,https://x.com/BryantDenny_UA/status/1407894299660926976,2021-06-24T02:52:13.000Z
"Bryant-Denny Stadium Bryant-Denny Stadium  @BryantDenny_UA Â· Hey, Tigers!
Hey, Tigers!
Hey, Tigers!
We just beat the hell out of you!
Rammer Jammer, Yellowhammer, give 'em hell, Alabama!   80 80 80 350 350 350",https://x.com/BryantDenny_UA/status/1335444024946253824,2020-12-06T04:40:41.000Z
"Bryant-Denny Stadium Bryant-Denny Stadium  @BryantDenny_UA Â· GIF Quote Rashad Johnson, J.D. Rashad Johnson, J.D.  @shaddyjjohnson Â· Name a white quarterback thatâs won the natty in the past five years besides sunshine. Iâll wait. 4 4 4 41 41 41 382 382 382",https://x.com/BryantDenny_UA/status/1277410091243909121,2020-06-29T01:14:33.000Z
Bryant-Denny Stadium Bryant-Denny Stadium  @BryantDenny_UA Â· @ohthatsNajee22 Thank you for everything! Roll Tide!! The media could not be played.   14 14 14 207 207 207,https://x.com/BryantDenny_UA/status/1351591214223659012,2021-01-19T18:03:51.000Z
Bryant-Denny Stadium Bryant-Denny Stadium  @BryantDenny_UA Â· Still thinking about every Najee hurdle. @ohthatsNajee22 CBS Sports CBS Sports CBS Sports    12 12 12 146 146 146 810 810 810,https://x.com/BryantDenny_UA/status/1468595283412013061,2021-12-08T14:56:15.000Z
"Bryant-Denny Stadium Bryant-Denny Stadium  @BryantDenny_UA Â· @BryantDenny_UA Miss you,  @2TonyBrown .   1 1 1 40 40 40",https://x.com/BryantDenny_UA/status/1335303134994980865,2020-12-05T19:20:50.000Z
"Bryant-Denny Stadium Bryant-Denny Stadium  @BryantDenny_UA Â· @MandJRaybon Favorite: Texas A&M. Theyâre stadium is insane and loud!
Least Favorite: LSU. Iâve never had a positive experience there so I just stay away. 1 1 1 1 1 1 17 17 17",https://x.com/BryantDenny_UA/status/1172852721835216896,2019-09-14T12:40:54.000Z
Bryant-Denny Stadium Bryant-Denny Stadium  @BryantDenny_UA Â· Weâre having a  @DHx34  Takeover all weekend long! 9 9 9 60 60 60 628 628 628,https://x.com/BryantDenny_UA/status/1165669632839225345,2019-08-25T16:57:52.000Z
Bryant-Denny Stadium Bryant-Denny Stadium  @BryantDenny_UA Â· @Alabamafan40 Game day mornings are pretty laid back. I like to get up early and watch ESPN Game Day and visit with my mom and dad. Maybe have some breakfast in the room. Nothing too exciting! 2 2 2   8 8 8,https://x.com/BryantDenny_UA/status/1172865100996337665,2019-09-14T13:30:05.000Z
Bryant-Denny Stadium Bryant-Denny Stadium  @BryantDenny_UA Â· @AuburnFootball What was the score?     22 22 22,https://x.com/BryantDenny_UA/status/1335317865659064320,2020-12-05T20:19:22.000Z
Bryant-Denny Stadium Bryant-Denny Stadium  @BryantDenny_UA Â· @AlabamaFTBL GIF     14 14 14,https://x.com/BryantDenny_UA/status/1468320965880946691,2021-12-07T20:46:13.000Z
Bryant-Denny Stadium Bryant-Denny Stadium  @BryantDenny_UA Â· @AlabamaFTBL GIF   4 4 4 103 103 103,https://x.com/BryantDenny_UA/status/1349111664596164609,2021-01-12T21:51:00.000Z
Bryant-Denny Stadium Bryant-Denny Stadium  @BryantDenny_UA Â· 9 9 9 209 209 209 1.4K 1.4K 1.4K,https://x.com/BryantDenny_UA/status/1418583224587067392,2021-07-23T14:46:11.000Z
Bryant-Denny Stadium Bryant-Denny Stadium  @BryantDenny_UA Â· @seniorbowl @AlabamaFTBL and and @JimNagy_SB GIF   1 1 1 6 6 6,https://x.com/BryantDenny_UA/status/1351188951109947392,2021-01-18T15:25:24.000Z
"Bryant-Denny Stadium Bryant-Denny Stadium  @BryantDenny_UA Â· 106 years ago today, one of the greatest college football coaches of all-time was born. Happy birthday, Coach Bryant! Justin King Justin King Justin King    2 2 2 303 303 303 1.5K 1.5K 1.5K",https://x.com/BryantDenny_UA/status/1171784332949639168,2019-09-11T13:55:30.000Z
Bryant-Denny Stadium Bryant-Denny Stadium  @BryantDenny_UA Â· MILLER FORRISTAL LADIES AND GENTLEMEN! Welcome back! 2 2 2 10 10 10 104 104 104,https://x.com/BryantDenny_UA/status/1167895834911920128,2019-08-31T20:24:00.000Z
Bryant-Denny Stadium Bryant-Denny Stadium  @BryantDenny_UA Â· Whatâs it going to take? 7 7 7 212 212 212 430 430 430,https://x.com/BryantDenny_UA/status/1155886791821594625,2019-07-29T17:04:21.000Z
"Bryant-Denny Stadium Bryant-Denny Stadium  @BryantDenny_UA Â· @CoachHuff Good luck!! Roll Tide, forever!   2 2 2 37 37 37",https://x.com/BryantDenny_UA/status/1350953521533825030,2021-01-17T23:49:53.000Z
Bryant-Denny Stadium Bryant-Denny Stadium  @BryantDenny_UA Â· MAC JONES IN THE GAME!!  #TheJoker   @MacJones_10   2 2 2 43 43 43,https://x.com/BryantDenny_UA/status/1167922424043556865,2019-08-31T22:09:39.000Z
Bryant-Denny Stadium Bryant-Denny Stadium  @BryantDenny_UA Â· He dropped it 1 1 1 6 6 6 97 97 97,https://x.com/BryantDenny_UA/status/1335405001926189058,2020-12-06T02:05:37.000Z
Bryant-Denny Stadium Bryant-Denny Stadium  @BryantDenny_UA Â· @DustyWise We unfortunately donât get enough time but when we have it in between game weekends and his work week schedule we spend it well and have big family dinners and watch tv series together. 1 1 1   10 10 10,https://x.com/BryantDenny_UA/status/1172855502847524865,2019-09-14T12:51:57.000Z
Bryant-Denny Stadium Bryant-Denny Stadium  @BryantDenny_UA Â· Back at the crib this weekend. Bryant-Denny Stadium Bryant-Denny Stadium Bryant-Denny Stadium    8 8 8 243 243 243 1K 1K 1K,https://x.com/BryantDenny_UA/status/1168678274039472139,2019-09-03T00:13:08.000Z
Bryant-Denny Stadium Bryant-Denny Stadium  @BryantDenny_UA Â· @AlabamaFTBL Will really have to gain some size to play DB at Alabama. Hopefully he doesnât get lost in the depth chart.   1 1 1 62 62 62,https://x.com/BryantDenny_UA/status/1357065617086554113,2021-02-03T20:37:10.000Z
"Bryant-Denny Stadium Bryant-Denny Stadium  @BryantDenny_UA Â· The Greatest Class Ever.

And weâre NOT. DONE. YET. Hayes Fawcett Hayes Fawcett 2 2 2 111 111 111 770 770 770",https://x.com/BryantDenny_UA/status/1356990906495295490,2021-02-03T15:40:18.000Z
Bryant-Denny Stadium Bryant-Denny Stadium  @BryantDenny_UA Â· @LSUfootball and and @JrStingley Looks like  @DeVontaSmith_6 âs son.   1 1 1 3 3 3,https://x.com/BryantDenny_UA/status/1335390149899902976,2020-12-06T01:06:36.000Z
Bryant-Denny Stadium Bryant-Denny Stadium  @BryantDenny_UA Â· Really missing this. Alabama Athletics Alabama Athletics Alabama Athletics    8 8 8 121 121 121 858 858 858,https://x.com/BryantDenny_UA/status/1355271299984142338,2021-01-29T21:47:12.000Z
"Bryant-Denny Stadium Bryant-Denny Stadium  @BryantDenny_UA Â· @AlabamaFTBL Letâs go, @jordantofly100!!     17 17 17",https://x.com/BryantDenny_UA/status/1348438230421676043,2021-01-11T01:15:01.000Z
Bryant-Denny Stadium Bryant-Denny Stadium  @BryantDenny_UA Â· @MacJones_10 Thank you for everything. 2 2 2 11 11 11 159 159 159,https://x.com/BryantDenny_UA/status/1349124699456999429,2021-01-12T22:42:48.000Z
Bryant-Denny Stadium Bryant-Denny Stadium  @BryantDenny_UA Â· @LSUfootball GIF     2 2 2,https://x.com/BryantDenny_UA/status/1335345004496171008,2020-12-05T22:07:13.000Z
Bryant-Denny Stadium Bryant-Denny Stadium  @BryantDenny_UA Â· @JCTSports Have heard this before.     16 16 16,https://x.com/BryantDenny_UA/status/1405228449741029377,2021-06-16T18:19:04.000Z
"Bryant-Denny Stadium Bryant-Denny Stadium  @BryantDenny_UA Â· @dbkohl66 Thank you for casting your vote as âYes, Mac Jones the greatest quarterback of all-time.â 1 1 1   5 5 5",https://x.com/BryantDenny_UA/status/1334891947371192323,2020-12-04T16:06:56.000Z
Bryant-Denny Stadium Bryant-Denny Stadium  @BryantDenny_UA Â· @JakeDillard66 and and @CoachYeah Heck yeah heâs always ON. He never stops. The man is machine!      1 1 1,https://x.com/BryantDenny_UA/status/1172916364144779264,2019-09-14T16:53:47.000Z
Bryant-Denny Stadium Bryant-Denny Stadium  @BryantDenny_UA Â· @ZachStraw Rocky Block and the onside kick against Clemson     22 22 22,https://x.com/BryantDenny_UA/status/1172852268066070529,2019-09-14T12:39:05.000Z
"Bryant-Denny Stadium Bryant-Denny Stadium  @BryantDenny_UA Â· @08jwhite Thank you for casting your vote as âYes, Mac Jones the greatest quarterback of all-time.â 1 1 1   2 2 2",https://x.com/BryantDenny_UA/status/1334511722934267911,2020-12-03T14:56:03.000Z
Bryant-Denny Stadium Bryant-Denny Stadium  @BryantDenny_UA Â· Tua for Heisman. 2 2 2 24 24 24 166 166 166,https://x.com/BryantDenny_UA/status/1167915117465362438,2019-08-31T21:40:37.000Z
"Bryant-Denny Stadium Bryant-Denny Stadium  @BryantDenny_UA Â· @iamcoachscott Time to be great, Coach! Roll Tide, always!! GIF   2 2 2 25 25 25",https://x.com/BryantDenny_UA/status/1359996854390435846,2021-02-11T22:44:52.000Z
Bryant-Denny Stadium Bryant-Denny Stadium  @BryantDenny_UA Â· I LOVE TONY BROWN The media could not be played. 11 11 11 302 302 302 1.7K 1.7K 1.7K,https://x.com/BryantDenny_UA/status/1169784940055207936,2019-09-06T01:30:37.000Z
Bryant-Denny Stadium Bryant-Denny Stadium  @BryantDenny_UA Â· @NFL and and @AlabamaFTBL Quote Bryant-Denny Stadium Bryant-Denny Stadium  @BryantDenny_UA Â· How it started:               How itâs going:   4 4 4 22 22 22,https://x.com/BryantDenny_UA/status/1389687952859611137,2021-05-04T21:06:41.000Z
"Bryant-Denny Stadium Bryant-Denny Stadium  @BryantDenny_UA Â· @Joshua_McMillon A true team player and an even better person. Weâll always be pulling for you!

Roll Tide!   1 1 1 28 28 28",https://x.com/BryantDenny_UA/status/1351356898646380546,2021-01-19T02:32:46.000Z
Bryant-Denny Stadium Bryant-Denny Stadium  @BryantDenny_UA Â· @JahleelKnowsss The show just begun. GIF 1 1 1 1 1 1 13 13 13,https://x.com/BryantDenny_UA/status/1361159938354085891,2021-02-15T03:46:33.000Z
Bryant-Denny Stadium Bryant-Denny Stadium  @BryantDenny_UA Â· @AlabamaFTBL GIF   1 1 1 55 55 55,https://x.com/BryantDenny_UA/status/1468319973688893444,2021-12-07T20:42:16.000Z
Bryant-Denny Stadium Bryant-Denny Stadium  @BryantDenny_UA Â· @SwaggerofUT GIF     3 3 3,https://x.com/BryantDenny_UA/status/1277624100811411457,2020-06-29T15:24:57.000Z
"Bryant-Denny Stadium Bryant-Denny Stadium  @BryantDenny_UA Â· Hi. Quote Dawg88 Dawg88  @OkCoolSicEm Â· Richard Young > Justice Haynes. If Haynes is going to Bama, then Young is going to UGA.  #GoDawgs #GoDawgs 2 2 2 7 7 7 72 72 72",https://x.com/BryantDenny_UA/status/1553143775337250817,2022-07-29T22:21:46.000Z
Bryant-Denny Stadium Bryant-Denny Stadium  @BryantDenny_UA Â· Play this on loop at my funeral. GIF 8 8 8 654 654 654 3.5K 3.5K 3.5K,https://x.com/BryantDenny_UA/status/1349018738155257859,2021-01-12T15:41:45.000Z
Bryant-Denny Stadium Bryant-Denny Stadium  @BryantDenny_UA Â· The Revenge Tours starts today. Austin Hannon Austin Hannon Austin Hannon    13 13 13 135 135 135 1.1K 1.1K 1.1K,https://x.com/BryantDenny_UA/status/1555354217837117440,2022-08-05T00:45:17.000Z
"Bryant-Denny Stadium Bryant-Denny Stadium  @BryantDenny_UA Â· Fourteen years ago today, the greatest catch ever happened. 0:25 0:25 SEC Network SEC Network SEC Network    14 14 14 295 295 295 1.1K 1.1K 1.1K",https://x.com/BryantDenny_UA/status/1171441056539275269,2019-09-10T15:11:26.000Z
"Bryant-Denny Stadium Bryant-Denny Stadium  @BryantDenny_UA Â· @AlabamaFTBL and and @MacJones_10 Ladies and Gentlemen, the GOAT. GIF   2 2 2 102 102 102",https://x.com/BryantDenny_UA/status/1351569215858339841,2021-01-19T16:36:26.000Z
Bryant-Denny Stadium Bryant-Denny Stadium  @BryantDenny_UA Â· @AlabamaFTBL LETâS GO!!  @BrianBB_1 GIF   1 1 1 40 40 40,https://x.com/BryantDenny_UA/status/1377756486005362688,2021-04-01T22:55:18.000Z
Bryant-Denny Stadium Bryant-Denny Stadium  @BryantDenny_UA Â· @AlabamaFTBL GIF   1 1 1 19 19 19,https://x.com/BryantDenny_UA/status/1468320099090288643,2021-12-07T20:42:46.000Z
Bryant-Denny Stadium Bryant-Denny Stadium  @BryantDenny_UA Â· FLETCH WITH THE SHOUTOUT.     50 50 50,https://x.com/BryantDenny_UA/status/1348845413286236160,2021-01-12T04:13:01.000Z
"Bryant-Denny Stadium Bryant-Denny Stadium  @BryantDenny_UA Â· âYou ready for Alabama Football?â

Me: 4 4 4 244 244 244 796 796 796",https://x.com/BryantDenny_UA/status/1160234601861779458,2019-08-10T17:00:59.000Z
